AssessmentID,LeadStatus
501017,0.2376228286190379
500679,0.12078848129066724
500930,0.08039757104447351
502177,0.10632031048197677
501533,0.15190872838402006
500270,0.16295697386723546
501211,0.09602997409048632
500597,0.10880599778385525
501301,0.12049553483456944
501974,0.12365787079392648
501749,0.1842795114066085
500037,0.11675326414715742
501799,0.11326895189267842
501615,0.10099610148765294
501129,0.13110745589931527
500485,0.2330115998357243
500878,0.09798879433191579
500729,0.09739867903072025
501826,0.11790971755493199
500554,0.4409966048764047
501948,0.3417521210301254
501530,0.33170791110777537
500975,0.1624100314943556
501446,0.23757425109842586
500040,0.3732701740051609
501222,0.3734768680681809
500248,0.2661599756944555
502087,0.3541188393965964
500537,0.3747537284051962
501069,0.19341120659204958
501414,0.09774523865439762
501426,0.11977326675578845
500526,0.12533107225859347
501696,0.1483879926409953
501128,0.4736623223016879
501742,0.268895971467513
502241,0.22804807555577686
501395,0.11589524930272321
500022,0.16092430205378933
500983,0.8458575175117427
501791,0.7171400537550191
501516,0.510906865962567
501640,0.1682340838103489
501200,0.22819235173570876
500843,0.17936875197401878
500465,0.3665797935575896
501549,0.12709417290161443
501639,0.16239340672072822
501134,0.19585083581984114
500084,0.10864055560196909
501895,0.16592769158102194
501165,0.12598944303979925
502300,0.14851919060551452
501328,0.2393266443832166
500557,0.14707406740050782
501685,0.06326090363304472
501522,0.42645832521525
501840,0.16373986680021455
501075,0.15194431387972743
500576,0.15301922802601622
500316,0.09434945072825093
500858,0.13833545016091853
500733,0.15211167622947455
501314,0.21668565115838678
500955,0.1549317228362938
502368,0.10076766083458137
500811,0.08111940664549018
501706,0.08839774087486196
500501,0.0933663712029965
501067,0.13917030048905585
501942,0.08973456849001697
501025,0.10860692249611853
500029,0.0717017688520127
500988,0.15717838765079045
501652,0.2836198722950707
501317,0.22856002578354784
500573,0.2632594515030543
501820,0.13407886757041684
500838,0.1965138520953093
500355,0.1507699662342318
500086,0.0800884752920156
501507,0.07626119876644041
501646,0.1210712800932887
501073,0.20297397394448385
501843,0.1256518004190132
500751,0.19694104419327105
500247,0.1208266732614463
501340,0.21252844629734258
501266,0.30532677619109155
500135,0.4026138397872009
500111,0.21807907748523733
500408,0.16266209259441025
500219,0.10482154731449407
501589,0.18304703212580084
502178,0.25517118377312475
502302,0.1455276759507137
500359,0.12130687407710747
500912,0.21587412905565653
502042,0.18381229496326545
501148,0.16028758946364857
501242,0.0946885672648069
501218,0.12818147799732793
502153,0.13979082179828797
500019,0.3463153349458975
500273,0.3871481442010868
500403,0.20271751392398124
501611,0.20271751392398124
500634,0.20271751392398124
500140,0.21770278990072156
501995,0.1473960140759156
500686,0.43463064423490655
500126,0.43463064423490655
500998,0.2785587767204977
501567,0.20022499122323292
500818,0.28837974790323523
500664,0.28837974790323523
500423,0.14041971001618608
501064,0.11563790628734051
500500,0.18938431796110472
500421,0.18938431796110472
500989,0.18938431796110472
500358,0.1311120689576836
501154,0.08501284467817864
501481,0.09953468418891889
501536,0.07293095621405567
502238,0.09126067731805575
500785,0.21382661136387368
501572,0.14499443036545337
500305,0.09249961847988189
500981,0.13485719156097878
502175,0.09534909847243198
500129,0.14839256573354512
500309,0.1585538196964774
501822,0.20196428003064915
502211,0.11294483107702988
500441,0.117796454090615
501360,0.12654213876877396
500474,0.38208798601595395
500894,0.18793418151524868
500590,0.12850285424213898
500349,0.08164934762342227
501956,0.2073177016094849
502229,0.1703545917046131
500455,0.26083768872754515
500062,0.16540252442878411
500952,0.1363397129068202
501577,0.07018732229378663
500015,0.10993443513433944
500390,0.25589250366216776
501059,0.1393285824272318
500381,0.2813081416805185
502125,0.24636761471444468
501668,0.15800548522271926
502079,0.16921051950981444
501052,0.14495108388329672
501351,0.14969116643451302
502110,0.07455647434363404
502353,0.0752819549163345
501596,0.4292533446149788
500797,0.3231798348711088
500334,0.3177113427780199
501172,0.2392525475783354
500610,0.1760295767471236
502184,0.18743215139081434
501265,0.1252728615543864
501292,0.4589039194981536
502081,0.15035194927459894
501362,0.09363696296629226
502156,0.0973085591646487
501294,0.056663192558275066
502265,0.09196104317954129
501608,0.31947006960992563
501633,0.24109955340866562
501760,0.13237358837480512
500568,0.09242339601791054
501002,0.10484994829763328
501735,0.18414132509316025
502043,0.22624400701330727
501463,0.10280145312617925
500116,0.2176411957641248
501257,0.28953873068575714
501221,0.3825578682535252
501107,0.2653037520476773
500462,0.332650799682049
502147,0.15236757306839802
501498,0.1605987073671036
502033,0.17782444035160763
500407,0.09655057251427672
500185,0.10832512827022234
500731,0.1540249862147454
500493,0.23433739418269559
500675,0.1941110209252518
502097,0.1552172213677216
500291,0.15289346782285065
501191,0.09694258764815573
501495,0.10751070168243845
501697,0.06329224599440736
500966,0.09017005227865502
500494,0.20563107840346506
500329,0.0956921371654114
501758,0.09629194918984403
500653,0.12783463260736605
500056,0.13524204732423598
502266,0.11796011709800215
500717,0.50207365257082
500127,0.26460771041912867
501027,0.22219181342305597
502126,0.11066334842656421
500161,0.21258302438786464
500181,0.17208306747745752
500060,0.17208306747745752
501857,0.2671251618381148
501157,0.41801600495710994
500676,0.23196032029400687
501642,0.12795744071081255
501452,0.2404684419926879
502131,0.09667865729895025
500611,0.12959233451675317
501699,0.14756021388452345
501491,0.19544106716422127
500148,0.11755644667461135
500150,0.14259669460250143
500121,0.10005379379796567
500169,0.11302411627094766
500108,0.19429449369931023
501580,0.17698218978868663
500051,0.3250200856649758
501941,0.3102393916030892
501447,0.2251973300320163
501783,0.11028657318241485
501115,0.187074488113222
500533,0.2361026273709851
501907,0.21213643729456913
501381,0.13420503457514796
501496,0.07388612919984339
501095,0.09668983526548208
502303,0.22204713836342113
501408,0.22108695513593915
500570,0.349358278880717
501570,0.3857832904733388
501926,0.22509636535866134
501598,0.2597269445452847
501295,0.3029262909572232
501192,0.48936935032610157
501065,0.30281274859187957
501813,0.5482688864686109
501858,0.6112298408863779
500724,0.1485824450513025
502234,0.09094667510601134
500281,0.17279428715240588
501354,0.41935100404873304
502053,0.4183005185841855
502082,0.18590409584172296
502160,0.12606724301480443
501103,0.1313528358724095
501921,0.09688350272457413
501949,0.13641630464635454
501253,0.293693688436277
502016,0.2526368343026891
502225,0.18234710571488363
501659,0.10932367212241721
501972,0.1583289574081249
500750,0.20575506282922842
501320,0.26668110636690906
501457,0.22967331056063867
501628,0.14121620636697613
501839,0.15623123395571595
501421,0.0818293074409967
500944,0.12277718609761533
500727,0.18011881753260536
501544,0.11891679278210508
501838,0.11497001866638366
502328,0.13492305174891842
501163,0.18960089665231633
500852,0.3456244444471428
500115,0.18278430038241736
500320,0.2649741924099583
501477,0.5040993199023929
502337,0.1850688361772927
500396,0.0846007783849615
501474,0.08406887536545406
500453,0.11613273080420491
502249,0.13865797718210673
500882,0.1281516580569223
501869,0.2636451940325334
500159,0.3426068771778781
500119,0.17021631742220864
501818,0.7231152231468422
502018,0.3961164567596559
501784,0.08456906803936011
502206,0.10544981007153013
500539,0.21965286786629237
500519,0.11041185994215065
501648,0.10587530031450429
501712,0.16727423305686637
500753,0.174450687942989
502294,0.15215620060386778
502323,0.16823359160076307
500393,0.1389818984362732
500648,0.23868723939743186
501779,0.21714883000419763
500112,0.12462608043720667
500045,0.1224058203582547
500902,0.1737504351240263
500940,0.18904681433372142
502212,0.1043529674589024
500222,0.1189252292857238
500266,0.16236905534339416
501937,0.246889002542555
501741,0.1254958012893795
500774,0.10239644017441629
502269,0.13138068142816572
500730,0.39232677314444625
500386,0.3279640780934385
501199,0.261628972890999
501892,0.08756046844100907
501285,0.15687033158781621
501139,0.4228258248672342
500340,0.3387850466573861
501676,0.4022954684202465
500092,0.12248023111783977
501190,0.2358180203737671
501152,0.16718194524074295
500099,0.09544564115191383
502049,0.22224078907946324
500783,0.18575636442243845
501946,0.10171641073221746
502187,0.2210217402226769
500845,0.10848733431238942
501774,0.3450817995986185
501661,0.1895343068839928
500994,0.11903268921620062
501987,0.16868684228526815
501021,0.18150992041755773
502155,0.12614320184290503
500900,0.0802434572547405
501109,0.09132005590089178
501216,0.09178367396164827
501976,0.10408393976278588
501111,0.1906525555229114
500484,0.1906525555229114
501174,0.1906525555229114
502005,0.1708329622874842
501326,0.1716229810906888
500229,0.3260101746490299
500728,0.3260101746490299
500503,0.24140614123754514
502083,0.29273591206574845
502215,0.4235723980975653
500515,0.4235723980975653
500752,0.20832231940323212
501018,0.19790604368144793
500383,0.5171722501267497
502360,0.5171722501267497
500771,0.5171722501267497
501980,0.1975990993781782
501700,0.1895307824113305
500058,0.19508889305427443
501621,0.14916030049805745
501135,0.08917046514600457
501332,0.11542668071789706
500342,0.09881742719149102
500705,0.18191736761099753
500122,0.44588539244216546
500091,0.22190677140037743
501739,0.272826515209969
500377,0.301907513397445
502281,0.22604923686660525
501803,0.17902893637807143
502336,0.2423009586386671
501072,0.09684880218235634
501124,0.2311630714473158
501256,0.29915568658178165
501384,0.29915568658178165
500146,0.29915568658178165
501986,0.26298480192185025
500646,0.259191968985292
502236,0.4109958968621428
502243,0.4109958968621428
500328,0.32022571798113136
501035,0.39463729684134147
501961,0.4823593789355409
501280,0.4823593789355409
502040,0.3800461639115601
500822,0.2968957367388073
501334,0.6029985978950291
501078,0.6029985978950291
500748,0.6029985978950291
502251,0.17916595779602
501401,0.1107387032012952
501935,0.13931637898363936
500250,0.0829489388865222
501030,0.10338513814248759
501282,0.23775575987239445
501817,0.13951984404430298
501786,0.2994550441580381
501312,0.268633108577663
500234,0.3326259235990244
500296,0.1635591310654535
500315,0.09879963233694318
501878,0.10236657578988585
500419,0.09391003447566061
501547,0.09819906755499622
502338,0.18306660146435336
500130,0.0828182887283249
501423,0.08747339187075956
501512,0.11289445695983068
500567,0.23958867721567437
500553,0.18009402813009534
500182,0.0946830907998756
501372,0.2326550646008168
500572,0.14555865483444436
501089,0.1783355081505466
500510,0.12391922962584591
502046,0.14461588834977931
501861,0.13022257311541482
500649,0.14024259749557896
502084,0.15803495833729972
501386,0.09879230746425885
500799,0.148777993103745
500245,0.06022654320076262
501637,0.11581390068184998
501230,0.34757275073681176
501900,0.1118901167387349
501960,0.06909563714509787
502050,0.083835584837399
501885,0.06712902127800086
500601,0.11329964173455867
501177,0.1576423964778601
502143,0.1023089331778897
501856,0.12116901860673047
501057,0.0724879378182332
500017,0.11013823685263313
501658,0.5054245489953552
501887,0.1887513714750407
500209,0.2791733472631294
501367,0.1537510730233339
501525,0.09134460266137939
502105,0.10649632909485982
500276,0.09480224814271888
501728,0.15304955250034022
500031,0.15313049849007668
500645,0.1089201179078584
501713,0.13823847574333223
501473,0.08326965921984954
500795,0.14112499415389715
502216,0.6755555056274839
501250,0.44082395139583486
500696,0.2611895181275023
502279,0.2966094225374057
500303,0.1511527113269189
500341,0.10430931012578715
501510,0.14098515329811462
501588,0.12404464189851581
500472,0.14519938001944926
501603,0.20177064400329897
500596,0.13955394639235635
500802,0.1593956710187778
502312,0.12837345795078633
502304,0.15492374614832646
501927,0.13864826053467688
500909,0.19179103731931638
500938,0.15919522731248378
502148,0.13117737286429698
501188,0.12578552304827884
500363,0.1623583303793204
502255,0.21418178137150545
500594,0.3800439475819371
500325,0.34533647588943334
500525,0.35228859141412305
501597,0.36989739195815785
502204,0.430363464090001
502134,0.4796563839506973
501391,0.42628220866365996
501281,0.18674830648344914
501310,0.17906565557747836
501267,0.4071337054583667
500702,0.17021956495091117
500110,0.09856399825010066
501060,0.11177993320623181
500282,0.0782487617315491
500959,0.10624934005488501
502326,0.3154610876269801
502123,0.3154610876269801
500564,0.3154610876269801
502174,0.26116246502638657
500935,0.25480717902805233
501866,0.20917308595024603
500225,0.20917308595024603
501489,0.20412107287587064
500744,0.20412107287587064
501436,0.10242422485348013
502247,0.09549517127816198
502317,0.2995104967626345
500327,0.2995104967626345
501376,0.2995104967626345
501434,0.16160799985476945
501571,0.10147981190510001
500242,0.11482201861862922
501797,0.07703324435908386
500478,0.1105662560489254
501411,0.1514505277985057
501231,0.08818427052461639
502136,0.1009660893589368
500087,0.10291501342311206
500217,0.09130488928986194
500860,0.1764791064195096
501673,0.21026088813536203
500351,0.11977395695991654
500398,0.13925598998337776
501524,0.1351989213607638
500628,0.12554211308608948
500688,0.26704201483643336
501104,0.15952414040265137
501493,0.25027258675908143
502080,0.16403541634548022
501518,0.15238152020066956
500763,0.6816396952458658
501830,0.19806165994872757
500268,0.07215777370619891
500524,0.08914894222926074
501782,0.17468153376739737
501849,0.1594920650908544
501906,0.15522463059842373
500008,0.1100764216372559
500089,0.10829150768165983
500837,0.12879813533191234
502227,0.14874216243735106
502270,0.18023326800376566
501054,0.11362047861028507
500521,0.1273672957428788
501867,0.12414548174918318
502287,0.6316054448542548
501449,0.5196701856199848
501947,0.3204115459065039
501302,0.43520079383189014
500102,0.2098310564504832
501066,0.05893101592627535
501898,0.13480698380403922
502257,0.20857729253334
502063,0.10285304216316278
501347,0.10058521980664215
500956,0.15963671834035237
500630,0.4253416419797558
500322,0.3145237350390246
501409,0.5004920230342919
500925,0.24159776579899014
501850,0.2632012956343737
500489,0.24169705628447832
500354,0.22304071734320766
501420,0.14423891892397103
502186,0.08602829812531597
500815,0.08930189520402158
500574,0.06039905972313302
500013,0.0957867782902166
500644,0.39526132592967916
501094,0.25254160513485024
501389,0.18132242699980547
500048,0.18245939018227683
501738,0.27724358056023213
501764,0.24262706555979094
500896,0.15349731626445315
500976,0.1414538932457294
501369,0.13470225316376577
501945,0.14246276274539382
501529,0.3416723218924533
500560,0.18880044032280272
501590,0.1572618911958898
501224,0.17705093343061065
501550,0.2800281140824724
502361,0.2834327983262653
500835,0.3088614338963237
502280,0.33701909635139843
500027,0.17391803195411348
500589,0.12073835497446601
500232,0.10479473706656058
502122,0.2821558628331364
501829,0.17957484721257613
500059,0.11853887788399231
502116,0.15934531896947463
501011,0.08952040107903256
500718,0.08426807936218181
500543,0.16295463176297392
501613,0.09719164459556581
501943,0.11516479022740479
501019,0.11860799679172687
501147,0.14472913497987666
500461,0.15682945363224318
500764,0.11492075493676986
501470,0.12933914997184898
501048,0.09777260348576076
502067,0.12388613919618635
500999,0.33980008182332705
500498,0.32988739552973295
501043,0.17193401245438367
501207,0.12429298477094915
500376,0.267716926057665
500919,0.5336813345605361
502327,0.5336813345605361
502030,0.5426683060743271
501565,0.6828864980331106
500042,0.3772499206756559
501978,0.48572380789540337
501366,0.19202192915606695
500577,0.0875428900789424
502090,0.07597648679723865
500854,0.10851171987182652
500041,0.2010774756438805
500442,0.12906453472769902
502099,0.15867207651019416
500097,0.10309182563011425
501350,0.14000866819170654
500339,0.3760429200223279
500125,0.2867888945431376
500970,0.3842609187952587
500801,0.2002036455488039
501681,0.2650363979006468
501158,0.22833341165258272
502032,0.09534830884740733
500459,0.09015292359382014
501736,0.09989762386985648
502088,0.12516211727653753
501645,0.3070752921820983
501543,0.15165091248550205
500021,0.1276329816953629
500298,0.20254369951966095
502242,0.15788665189308532
500456,0.14410573302381213
501609,0.16377036466182932
500133,0.10947497519434002
502048,0.10254889672153905
500508,0.19212792285566302
500290,0.15555855507528368
500770,0.10014546920719504
502007,0.1281559687039663
501356,0.14216065197317182
501792,0.17982744869816714
502060,0.08492066091901022
500201,0.17228544021560604
501710,0.16574885111483345
500005,0.16574885111483345
501206,0.16574885111483345
501113,0.219251834683872
501777,0.11632028555939898
502322,0.18576180723017555
500314,0.12200426000688305
500190,0.08091616982013419
501666,0.09648299232424823
501315,0.09973338239441325
502051,0.10975044840560948
500583,0.1942401851085058
500457,0.11449742123024986
500991,0.12610791751088332
500176,0.09491506776968223
501082,0.10154028155268754
500647,0.43877257371405287
502214,0.38457700206827605
500183,0.35596503829
500684,0.28352315413395207
501538,0.21306014495627526
501968,0.13553330943240674
501339,0.15395181760028723
501210,0.1356388269172039
501081,0.16027424243937843
501443,0.1723399545044829
501142,0.17252997626899716
501874,0.11110887529840258
502340,0.2678515750679312
502207,0.6391397926359903
501952,0.4689385036391131
501031,0.13512889220808355
502272,0.16749033846246209
500483,0.10303912737597301
502078,0.11964931027043678
501759,0.09076968932046749
501888,0.11499948967432921
501636,0.19756823056289155
501687,0.09550214647395584
501973,0.19952096770586564
500674,0.14226733512785186
501099,0.09230355841323634
500643,0.1684803625875483
501740,0.1684803625875483
501037,0.1684803625875483
501756,0.26485734713204195
500278,0.2634162314076418
500672,0.46626760906055403
500088,0.46626760906055403
502182,0.46626760906055403
501418,0.429585056766362
500780,0.5661769110542512
502253,0.35411337340665183
501711,0.15421473756777856
500786,0.22400277359315487
502065,0.1607344406831229
501989,0.16048951762561092
500023,0.19938013787587572
500582,0.09227846241652775
502072,0.10998686553179732
501275,0.2199742921995235
502311,0.13506659593501327
500776,0.646426555108351
501203,0.33432742288596495
501238,0.1372992805008476
501175,0.13102743350959653
501770,0.10559975931252831
501131,0.11988753523611005
500308,0.1586378187689564
501763,0.1579407507363253
501851,0.18943119139297754
501112,0.12789616984333682
502119,0.06400146719386102
501484,0.12770863977471847
500254,0.21863212623250786
500987,0.21769099223591182
501223,0.11121195907806598
500186,0.11130034409008178
500534,0.07502963750214675
501336,0.09392646814669692
500311,0.45192946493831254
502231,0.3352668686786115
501564,0.36835871670475195
500389,0.12788764032937164
500352,0.2029154411986967
500347,0.14946611591149425
500294,0.08659832262303338
501675,0.10693559524586521
500394,0.14438709564910324
502195,0.13315138937586765
500439,0.25695749112142585
500114,0.16305786048907522
501209,0.2100069285977793
502112,0.1693339353059632
501494,0.12400716147949871
500231,0.15233843414756215
501963,0.08347155022622531
500957,0.1450149592952166
501650,0.3515151417490535
501775,0.345226293409051
501999,0.12056928710586712
501585,0.24393477293104837
502144,0.2592805186081331
500228,0.14907329609192757
500823,0.22151168170601934
501049,0.14638636950892708
500928,0.09239011358856006
500689,0.18018322914341287
500280,0.2210099129338459
501573,0.10435183921347942
500332,0.44091701047667137
501454,0.20391720513482056
500517,0.08110754731157516
502026,0.1320101509351863
501674,0.21514944983927609
501370,0.1335766305584446
501345,0.1106719250186524
500669,0.15562382324720678
502320,0.16269424276570452
500324,0.1870718314288469
500170,0.08472948305960748
500703,0.08468557023604674
500793,0.2080227393763037
500787,0.1672666407539453
501342,0.09987475936079063
500804,0.11396148377315288
500235,0.1073338206286778
501475,0.10602637421338282
501373,0.18972640329353427
500272,0.1990914039897699
501155,0.1541815110102594
500425,0.4896819934734928
500910,0.15168021388933678
500660,0.14617302080999325
500876,0.2331388725030613
501038,0.2563606736318632
500430,0.20698224216478558
500064,0.10623724468549724
501555,0.14416084543722785
500626,0.28412236192888274
500920,0.21807639550319252
500083,0.15517417657700663
501931,0.2780732665360922
501469,0.19709297378181365
500788,0.09237706020049398
501406,0.10543384492796777
500706,0.11539572923654978
502284,0.27698060962851645
500458,0.3149948272182712
502149,0.1823487549964659
500632,0.0785809829276669
500375,0.11139616695681327
500284,0.3810381297519488
500796,0.2998569734163997
501289,0.30964299385282207
501189,0.312654830654433
500416,0.33216036445038627
501162,0.21054451796335177
502307,0.15064270254433448
500663,0.20286411774270338
502037,0.14124570587211255
500877,0.14560959166146334
501355,0.20795864824331045
502205,0.2747041844305842
501108,0.21096079723277936
501313,0.3179439314682071
501594,0.1208446305981276
500175,0.07197674599450041
501029,0.08375780312576087
500063,0.09143161997446188
501601,0.241776152646372
501788,0.16821101862233273
500384,0.2023521165669307
501198,0.08248863962079005
500304,0.14232508517920303
502343,0.4502928084999
501419,0.452479362939094
501880,0.3689086718063595
500452,0.25396982221443254
500174,0.24281792307604277
500078,0.2095901483523765
500153,0.134254994219403
502332,0.14398768371359516
500400,0.09105956337802264
501672,0.14119720535927427
501902,0.46937412008876284
501982,0.32229457231730324
501497,0.22655895533939865
500046,0.14072140017582863
502044,0.19877212533411845
501827,0.6244797574996448
500197,0.610044911709637
502277,0.3062633971662129
500616,0.23745570633498936
500090,0.1749593085556416
501453,0.1410066864270104
501824,0.08419277152040129
500635,0.09923309286218085
500269,0.18934401397017672
500101,0.09018646822452349
502086,0.10707193398709713
500249,0.17945165926527815
502041,0.192453279002794
502103,0.13488374060478964
500520,0.3211855010231964
500650,0.15792683565966115
500014,0.1569662156474021
501428,0.10293790773123909
501291,0.10893022408958881
501554,0.10395623721038827
500001,0.20486319329715935
500580,0.12532786445919814
500683,0.10541517661254257
500551,0.09240329203009737
500617,0.11564046588458414
501156,0.24659986431771536
501279,0.17148325840179485
501660,0.19010434275445642
500887,0.136737042936378
502120,0.1986368400449032
500848,0.26702724081566204
502171,0.14409858827251484
501526,0.35718120229758377
501290,0.27709141021073375
501241,0.1543834897977724
501506,0.09235228249206212
500417,0.10450827887519391
500529,0.06775828498743504
500658,0.0913920414719984
501701,0.14548959065254458
500985,0.09962717035175028
502221,0.10377306954142498
500586,0.15922447260363864
500812,0.18652234461904424
500432,0.12096508525067419
500486,0.13211583575358224
500444,0.09848189173613961
500338,0.10326243168339382
501634,0.18066318671816842
500368,0.08348942352866968
502027,0.08040977170087354
500206,0.09378985213528536
500746,0.09713846406456163
501864,0.17305757807978325
500775,0.1718384869317092
500631,0.14825691552510137
500544,0.15526422264493797
501962,0.12068415102410845
501166,0.2782695148928042
500817,0.13137085180556837
500951,0.07698468795059549
500220,0.0774483064752251
500856,0.22838471242171596
500373,0.1925100883717918
501296,0.08835273810305441
500886,0.18102860332805984
500440,0.22545023028458155
501468,0.15262496151438146
501519,0.07832202166278524
500166,0.07732518939631362
500541,0.10714178657631311
501559,0.22269986828925295
502135,0.2515500067539
502107,0.1430708141941941
500437,0.0746973655293607
501704,0.17933414332129227
501015,0.3885659322537138
500723,0.2318728710128203
501686,0.1556169229497173
500464,0.3736456732037295
500410,0.25163533241036345
500104,0.5091731519180978
501427,0.21560454971749446
501521,0.12368936332827231
500387,0.05200211104476834
500271,0.0566511800022584
501444,0.3401570942246124
500655,0.2418724913840245
501656,0.23438250149111312
500075,0.17627224524137444
500637,0.2644369977237489
502179,0.14932828991802397
501160,0.3511685057525986
501185,0.3787632085124034
501441,0.20384674714994283
500561,0.2605170507238354
501388,0.22086991122543637
501805,0.21800242691937657
500482,0.1385789043059214
502109,0.13965875426021493
500289,0.14271401336750583
501620,0.069432289024716
502022,0.0938750360844629
500196,0.22257862657290442
502370,0.2208450084871415
501084,0.14281366035303453
501117,0.17958547646561906
502209,0.09486759691354649
500251,0.13367238308322077
500888,0.3079002341089948
501723,0.30967015919713087
500213,0.43386017196382476
501396,0.25277111876136715
501578,0.416072186882858
502364,0.24223233387174628
500901,0.2058576619795596
501088,0.16425200866251008
501161,0.09649989342548076
500859,0.10058372085259536
500625,0.09969438384868876
500713,0.1136816330476104
500204,0.2348643132048318
502194,0.21435091303418294
501726,0.13093128200052534
500047,0.13199446312663454
502139,0.06262218486749895
502309,0.11655368935502652
500816,0.22796040741637577
502172,0.3269516398738151
500236,0.25722681723091606
501750,0.0872429553992546
500055,0.13307709520586342
500490,0.22288562172625362
501480,0.19865401626058032
500656,0.20396471865926707
500549,0.2177948472092475
500068,0.16186964950040578
500082,0.11397225284295753
502369,0.15702580308071654
500428,0.2922105158932158
500778,0.1740901990634764
501080,0.16543687092279366
501140,0.35648948756079396
501944,0.35363194770858575
500203,0.13077069111282602
502342,0.08186411893304757
501709,0.10700950450774104
501225,0.10239703554474329
500516,0.40879178070450495
501375,0.2511739215687659
501130,0.15820004254150807
502023,0.08154078156015891
500578,0.14473269267406774
500139,0.07434127879656069
500805,0.1244894557155603
500007,0.0693702930979686
500243,0.08681619401588121
501860,0.1252904770815891
502191,0.2554052123417925
500382,0.15602228425690468
502301,0.15978987145216497
500427,0.09563749408065042
500863,0.12310323363486059
502222,0.11388984245332753
501151,0.12249897596519765
502161,0.12750080652910611
501719,0.07260282989853042
501787,0.09127724385025286
500205,0.1339334173615747
500103,0.1775129849352189
501450,0.11298057976669122
501012,0.12785538548293393
502173,0.12751549305958507
500513,0.2960751415765356
501859,0.17698883967201762
501846,0.14999791026292036
500880,0.15475416969008712
500840,0.11432211688981977
501579,0.1245485965371975
500615,0.07965433362262939
500450,0.11219571970116714
502310,0.5155195698182118
500614,0.5155195698182118
501090,0.5155195698182118
500740,0.5155195698182118
500039,0.25886262984158376
501385,0.1860758775212352
501220,0.19169639724825122
502273,0.19211363025097727
502325,0.3202342736925215
500864,0.22772650581251708
501246,0.5942329465710254
501324,0.2363292611059295
502319,0.07816164234597676
501607,0.10045427495911836
500814,0.20226229714416918
500364,0.19703734815823637
500800,0.4739426718248658
501881,0.12811591175374185
500739,0.0708799403694558
500666,0.08379710243061297
501044,0.09267599668704364
501832,0.10470092796264654
500759,0.15534401590290958
502339,0.14472220134484395
500953,0.0839696743302808
501733,0.11608674657453925
500606,0.08850252220834433
500690,0.13833569376335486
501566,0.42865306693200445
501903,0.18004004209468163
501309,0.0860946524674123
500016,0.08381402930530554
501897,0.09929272468122967
502283,0.1037755319001194
502293,0.20881366415242766
500556,0.1311873803086915
501556,0.13944631915750794
501502,0.2255589053392284
501268,0.25618476856827366
501424,0.16840154238206373
500346,0.18695400367239293
502069,0.07567270619488306
500945,0.20527794520935141
502150,0.33852083081737483
500224,0.2867891037952508
500749,0.26162457525397503
501800,0.08342508559325433
500124,0.13166816883233617
500808,0.1482667416372205
501437,0.09255435197532969
502331,0.07158332169812727
501689,0.07333562681591192
500264,0.30588951482632565
501879,0.32271328754934403
501882,0.12586313473307423
502111,0.08719665108988048
501335,0.19393123841683124
501137,0.2331403503338801
501171,0.0891140993720479
500974,0.17506829829700085
500401,0.19548742085185916
501353,0.1578790443330562
501365,0.11091370957169712
501415,0.10281397377729248
501663,0.15495516714711688
500960,0.08552661979050434
501724,0.12905938366592581
501184,0.09592154397757836
501965,0.11671790116400474
501959,0.1831216128774057
500326,0.2772082268756205
500571,0.26086707446525537
502220,0.2635105614393442
502183,0.15946914551295654
500855,0.15709357370831936
501604,0.23101309088767844
501249,0.20965245854599154
500830,0.10923172231816042
500828,0.2177207466366305
502000,0.1447680355193596
501644,0.17882734715054693
501264,0.10449941510224664
501252,0.1048926711551002
500379,0.14047301429870557
500302,0.07784577719718054
500173,0.09908551442537783
501729,0.15094596186044748
500241,0.3277928348972335
501781,0.29846979661336076
501581,0.16409729636289613
502237,0.16409729636289613
500360,0.16409729636289613
502192,0.16409729636289613
501364,0.148847308406649
501988,0.21100238920527215
500651,0.1427447448831418
502031,0.16681885940327407
501254,0.1329693725498756
501684,0.4079863568866804
501005,0.22482953932592667
501371,0.24328413324901246
501123,0.2170457244238546
500773,0.20257088232181347
500735,0.1728196554118435
501653,0.13664958303668542
501630,0.06536288100354586
502341,0.07965130031214802
501631,0.08248314843101415
500143,0.09850068942473723
500555,0.21094671639204013
501778,0.14284439242522745
500207,0.09703794933423639
500080,0.16576107140412083
502113,0.33221591752033536
502036,0.1738002466415119
502162,0.23729066767261006
501757,0.1485460286368219
500118,0.22948313873274076
500431,0.2773622398735063
500794,0.25772819466959485
501013,0.14306872159834255
501114,0.22188069074895292
501702,0.27563995159236226
500350,0.2149730619070247
502024,0.1531881547175747
501504,0.13816625007437813
502181,0.10425861492130224
500923,0.1875320470734342
501679,0.13625819730837352
502075,0.13526522748437927
502163,0.15426931130484897
500789,0.10665992375525006
500052,0.1469731323455601
500806,0.21648129376551342
500336,0.13599450307367283
500335,0.16503310608274377
500819,0.162590682456215
501407,0.162590682456215
500911,0.17763404602075003
501118,0.19657396244933908
500682,0.25537973334049474
501807,0.4981889558474541
501795,0.28134066677458036
500667,0.21318204171836194
500531,0.2961242430469928
501971,0.18614315850759125
500798,0.18423813013352391
500463,0.1363187266079442
501343,0.14599957612767542
501732,0.10415723506527019
500754,0.16980991297479017
501772,0.260253643116899
501911,0.22246654998174673
500738,0.33009509052565933
502200,0.13367056040643066
501308,0.1417387751242885
501823,0.28019747290911606
501287,0.12499410319653405
501629,0.1387101166583687
500202,0.2744937090872044
501046,0.4010977198819178
501915,0.2330689441546154
501690,0.13996231858604619
500708,0.31480821004330595
500067,0.2062052053990925
501125,0.10627778265876918
501009,0.08248813668318354
501623,0.11139216237503491
501558,0.17628386077995536
500094,0.17173206382896408
501905,0.1035833318332567
500107,0.09155910589233926
500011,0.08513099128284196
500772,0.26288869973669365
501260,0.1591601694274692
500180,0.18928936476509525
500569,0.16832845690358322
500699,0.1745278570227828
501985,0.19816485942805948
501243,0.11875442072834479
501170,0.10877645229244456
501169,0.22809598769279255
500720,0.10885720651019999
502291,0.10466253368519224
502203,0.17181029742268264
501714,0.1522351339159843
500742,0.09787198473501653
501964,0.11490054665549157
500512,0.07098977240754673
502101,0.10994411184235962
502009,0.16361267330614276
500240,0.09226095885029117
500187,0.0976490756029099
500921,0.12276273051981365
500530,0.22867438257995315
502316,0.20460447561008394
501872,0.1535713609799725
501796,0.0945139602896562
501461,0.10873297855598492
500884,0.09860080762927664
501033,0.11589131607920065
501020,0.3021474987756948
500074,0.2715064304742996
502258,0.19677994450883307
501098,0.12913148883949135
501705,0.16529160743908733
502362,0.28391315819730556
502167,0.13783379154423916
501136,0.1908051154740729
501458,0.09861856489679866
501753,0.3436273232058324
501212,0.1615953470582923
500491,0.09048288111767089
501297,0.2660073179571075
500608,0.17786164380127392
502233,0.09453629331393287
500191,0.10787939014459738
501028,0.3274338233001504
500619,0.25253951531627744
500117,0.2639607315660962
500072,0.3294913097249231
500120,0.17932501670559864
500612,0.12522052040924644
501528,0.2770452081432597
500137,0.2127496837179974
501277,0.25283277736085163
500162,0.17302333678476792
501276,0.08394007094768065
500839,0.12535559295390875
501100,0.13302261851607416
500873,0.1682473431967628
500448,0.10534412099320596
501969,0.08477155166213468
500618,0.1276548936746567
500317,0.14146460270116082
500194,0.37465590494198875
501168,0.30492537150376287
500829,0.2689754999140798
501008,0.3756077465299774
501208,0.12486940681738035
500053,0.08460727008711798
501322,0.14789315927767732
501909,0.1411458979629167
501769,0.2589977189002791
501325,0.2648001751345617
501180,0.3307211457155047
500310,0.19636607981708987
500803,0.12696306043379493
500426,0.20254628143812436
500694,0.15460181319224237
501551,0.09828924535964008
501363,0.11391811685519819
500879,0.06119780007270052
502190,0.09902239879524982
501102,0.15922272461282325
501991,0.08508479458753124
501400,0.10160241165162931
500547,0.13875926785303005
500621,0.1067202268599256
500218,0.08334979383898489
500756,0.1068133038650584
501164,0.10343302371806967
501670,0.09782143398245233
501010,0.14541470498480422
500758,0.08974892105537409
502218,0.10617167260635875
501383,0.10886968772497717
500825,0.10320601833988935
500898,0.15941645623797535
501187,0.06978322524088594
500824,0.08726814970222928
500595,0.14919183474754913
501875,0.10215391201970238
501087,0.1105277138460947
500872,0.05954043514936877
501248,0.10479026339120881
502188,0.20105642570900764
502034,0.12115948071596082
501492,0.12115948071596082
502240,0.24232997812174417
500903,0.15267378177998403
500677,0.11423376361097153
502151,0.13501402079925992
501616,0.12988625760521166
500850,0.14774883228421126
501531,0.23243561079822786
501513,0.1485976383163887
500348,0.18120952470230653
502256,0.10805646145973065
500661,0.18344897035229876
502268,0.05974312170379827
500145,0.08100860234808356
500767,0.19967753172674607
501780,0.133944915098689
500893,0.16514816053847292
502250,0.1276223653632691
500538,0.13716942178602667
500199,0.25551520294137087
501270,0.26745338741317864
501627,0.21215591045929783
501617,0.08413147351429277
500939,0.09815512274311133
501425,0.14487534011912506
500844,0.2469224500138027
501153,0.17642351277005414
501593,0.15997168279005386
501853,0.07870365352355342
501612,0.10344915020008622
502104,0.1339877788564803
501032,0.08159337958259777
502210,0.09224006210654052
501183,0.08304427243455326
501244,0.08820947954885751
501862,0.14059326607691006
501399,0.0836944687723506
501984,0.10398461538778801
500947,0.10399224661372375
501514,0.12604881223868977
500012,0.18753874806605078
501245,0.10827862528217082
501482,0.08175452971673962
500179,0.08086273538966879
501539,0.08826284925846727
502076,0.30947795067631323
501845,0.18824362006654705
501545,0.21547879546290438
502062,0.06988548795818017
500253,0.13285029473822618
502021,0.14641830889295457
500716,0.0854488049383304
501683,0.09609039301709014
502367,0.08677455031950525
501727,0.11859575120475846
501352,0.23226770875818478
500076,0.11156153379890793
501828,0.09729374515206786
501215,0.1042397042871313
500344,0.20820032347365386
500244,0.10263022691773613
501751,0.08470496371038386
501680,0.08402199435798512
501293,0.1175415706151164
501970,0.16731724985567212
501924,0.15777051372930248
500668,0.10400342174394024
501331,0.06858882055655957
501271,0.0951887007280156
501398,0.21786021649979206
500307,0.1145122964522641
501610,0.12604087766338762
500757,0.14596423861961833
502349,0.16386913516044374
501344,0.1624287966612725
501748,0.10078373445834282
501193,0.07089436514393435
501747,0.10699628942281175
500915,0.17722090100651539
501541,0.11400353871101221
501178,0.13337527637930352
500602,0.13562609894607752
501688,0.20761974839140052
500399,0.207417596193237
500704,0.12125021847093086
501217,0.07316985447956462
502028,0.08580477992977101
501258,0.08003346635997582
500198,0.2460821392977709
500711,0.17057503541945956
500255,0.17449925134116534
501146,0.13022460234126235
501744,0.15004593009128786
500468,0.21283613260357342
500079,0.13391439944410358
502157,0.21091054890492753
501278,0.1740082551658305
502296,0.0874552260519436
502102,0.1836417854227852
500415,0.20302889169774976
502274,0.1846371195144315
500239,0.19546922846886694
500003,0.1399721532705411
500167,0.1366780509331453
500809,0.4200209415946472
501532,0.549625282437759
500722,0.369867299032951
500566,0.5069551122995875
500259,0.5734952769172547
502295,0.438960072594982
500028,0.1919815771273065
501808,0.1919815771273065
501721,0.1919815771273065
501488,0.2343661015824933
501523,0.2242571533957121
501318,0.270011463426495
501092,0.270011463426495
500931,0.11714918296988254
501086,0.10825707326548964
501647,0.2341222822260856
501994,0.2341222822260856
500050,0.2341222822260856
501467,0.16742809589391638
501138,0.1687926082925154
500433,0.1803449751192539
500424,0.1088978039068703
500659,0.08983373978019725
501379,0.23433845808406767
501361,0.15747151573170615
500488,0.09125401259786242
500813,0.10224883764585226
501707,0.13444952125224774
501505,0.1196270845373922
500370,0.09740745035635046
502198,0.28639865925113694
500380,0.15361818009984787
501819,0.13582323425738882
500221,0.23155550675478367
500106,0.40782254128853473
501662,0.15942003653132142
500152,0.09683600711365704
501925,0.10613430930314506
500071,0.07039454356204271
502345,0.11028806530662813
500528,0.19052477832381773
500971,0.13889536540858977
501664,0.16562047341825298
500318,0.08591651721828822
502365,0.14673922921279023
500295,0.26047411727556546
500853,0.1721212464082277
501695,0.16284000291326173
500473,0.08756692995019727
502106,0.1161135219691012
501273,0.14233744570233064
501448,0.09450818321223034
502267,0.2024408730000591
502011,0.31442434144024606
501835,0.2283088954461763
501397,0.2187380375897791
500559,0.10882070307168405
501307,0.1409119080140056
500836,0.1846695063672726
500673,0.11266515613853448
501722,0.09999192138964912
500726,0.08867676267643082
500189,0.09677922857396569
501393,0.11983751106320195
502235,0.06915643304468314
501910,0.0792379483775411
501893,0.08376392967980388
501810,0.17203886039045352
501508,0.17637039382760025
500429,0.09373736589492966
502098,0.08381909737857017
502297,0.1189982092854489
502180,0.20270517445678457
501913,0.08586174931245173
502015,0.09156656537606912
500662,0.10630613951593111
501321,0.23746285821460603
500212,0.14395431029834646
500980,0.07741356943631972
501122,0.06966002033197545
500579,0.15340415008168587
500982,0.12663771471828789
501517,0.12887824178776405
501026,0.1110877926201049
501868,0.11803204142661615
501761,0.14848918009615714
500263,0.09626923368590601
500362,0.10478983239851009
501202,0.09737120309975837
502176,0.10802055914765768
501936,0.4613624712318306
500257,0.26649436202063176
500138,0.18890610369905209
500142,0.18315894083347345
501068,0.21230762474760892
500875,0.16739558743285443
500639,0.10335999080000391
500584,0.09999385761388936
501527,0.09108292365928013
502346,0.12506157956790598
500467,0.4770241086117253
501848,0.4447958560703758
501665,0.4700242335366994
501119,0.5720696828505798
501228,0.1967582460081798
501552,0.20502517471864018
500215,0.3200485147761292
501569,0.18776739484655458
500807,0.38728323473619636
500937,0.23389343492069617
501958,0.15216763597376412
502358,0.1659609470967932
501983,0.09846750518473657
500924,0.1609150874867131
500707,0.1744041107637029
500905,0.11275270645790574
500258,0.13924310305445906
500755,0.14091660540157075
500698,0.12358390121718635
501737,0.13213631232266168
501743,0.4180107868004136
501429,0.39417344023190376
502263,0.2245641691584305
501036,0.07502486162919857
500216,0.1063659427008464
501000,0.13863007782099776
501255,0.17970193524222963
502055,0.15285716440312694
500411,0.08779465117692811
501932,0.07826233683904718
501269,0.09386511222611113
500695,0.14075897440463528
501337,0.20343260041963387
500511,0.15413543769327967
502232,0.09446041131502521
500085,0.11499953483622165
500168,0.16332728689385864
501563,0.23664649045793387
500233,0.19337812582731956
501195,0.17745543975404277
500609,0.15642737709887072
501132,0.1201146225337262
500434,0.13376874658522625
501226,0.157843319588585
502117,0.1435198627227076
502366,0.11242918813529862
502324,0.44314293419250367
501358,0.4419129777873154
501394,0.5666288810628165
500540,0.2661403160069561
501614,0.16146429350756378
500969,0.2017637417891044
500038,0.1376723917366157
500223,0.14109963497031996
500288,0.3054270842385074
501338,0.21363995778591385
501641,0.20911072683443024
502058,0.11395602686669128
500866,0.19696356575294288
501227,0.23642961838483717
501465,0.2177326938359978
501412,0.15233243529560558
501708,0.15199320979038658
501150,0.15209470300525696
500638,0.22626381124645523
500687,0.15765387059081643
500885,0.2142053963332919
500862,0.20256956662197648
500954,0.2002989466255395
500761,0.07948049089448184
500892,0.20509923066022448
501605,0.12434140517767327
502354,0.17649525561710455
502306,0.1457888034519442
500810,0.12980430237564933
501626,0.3107435925273346
500004,0.19737560029340798
500641,0.1086903781108485
501042,0.2129765214042198
501236,0.23595337211208564
502025,0.1875537365689505
501022,0.20213545241261416
500365,0.15573435021229978
501953,0.1386890099861735
501077,0.24898504456234283
500035,0.16293756833250814
500200,0.0866806868395847
501904,0.16696877833275828
501515,0.12986139394006285
502137,0.20521639983853204
500499,0.08250529472509883
501116,0.10194118358071173
502196,0.1926240644771559
500195,0.08971803121883325
502230,0.07404051245087738
500542,0.10985777045444654
502133,0.7987208443991767
501765,0.7085611828409609
501062,0.6661395578399528
501387,0.21297175866671916
500496,0.21326360177797443
500367,0.09904854103741893
501127,0.09504083006515116
500790,0.13706921086655038
500141,0.15634340322535015
501863,0.08504019507404642
501323,0.09330477005254752
500093,0.0638685794499856
501478,0.09692357323232177
500337,0.13770927351955778
501990,0.06303207428208209
501316,0.09854421306224771
500032,0.12877129122515554
500997,0.7373253827425005
502308,0.2520007823287039
502254,0.14669462894785448
501789,0.12129907717605821
500480,0.1984141515467283
500283,0.12996268646666118
501159,0.3164924592703129
501618,0.18685575816866692
501197,0.13504531641709602
501327,0.17240407799700794
500821,0.21343282476574757
500057,0.15336605413336363
500914,0.15821014819974114
501201,0.1803992723934749
501445,0.07743107034618658
500446,0.06094857275789612
502008,0.08489773158795147
501288,0.23412916298525557
501330,0.16448725772976155
501914,0.18639152609460075
502224,0.09394349715841242
501718,0.14508518804327816
502085,0.19684007519431906
500178,0.12967478699235424
501873,0.05927764619124726
501402,0.11302980433050737
500188,0.7426969382365941
500210,0.37312385012472854
500918,0.17286780446866173
500030,0.1582274287573208
501298,0.15580049018691458
502114,0.16335151358935196
501416,0.09566094839821883
501442,0.09883815531071946
502056,0.09751389735498074
500640,0.15748797866095274
500535,0.19054598330341388
501149,0.2773899975390834
500692,0.2054395136987825
500073,0.1853784614508589
500874,0.14573869048838173
501499,0.23091807216435134
500833,0.16166994069678817
501061,0.07918639477137851
500164,0.08216225271930663
502073,0.13893132237421504
501359,0.34383001915721306
501890,0.15591604578128318
501602,0.12449744306097775
500105,0.08925798498622331
501584,0.23103322862579304
500897,0.10495286351146967
502092,0.253224556246975
500629,0.237410786134464
502286,0.23527238693135846
500020,0.12875101520118273
500623,0.08108684080806494
500545,0.09753795620203493
501144,0.09396850895171287
502197,0.11240817950052082
501908,0.1333120191272381
501105,0.20283615150622647
500627,0.12463984914415464
500849,0.12440272536865456
500147,0.06529624138870944
500691,0.1019953194156996
502096,0.20183599289317422
501083,0.09194844560684828
500506,0.07337834071694525
500933,0.09131146665729878
502029,0.19897570325314612
501678,0.1104412677817416
501923,0.32418031197743663
500781,0.10740875894481894
500154,0.1388817338204168
501451,0.20234989639100004
500214,0.12317121724729158
500588,0.14106147121200702
500581,0.2402814205034499
500946,0.21387028775117065
500010,0.11631790817565497
502193,0.19971926539884174
500712,0.180126301284985
502261,0.2089959125554962
500929,0.3140181874560005
500654,0.1446770503973269
502003,0.11311344810893777
500509,0.09474141762169354
500784,0.12755785276996176
501045,0.2948012378437436
501546,0.19198175807609225
500070,0.08607140132780577
501542,0.1323641523334616
500575,0.1603690181135751
502223,0.09262179454686849
501595,0.08372395428178249
501933,0.09512116748939803
500238,0.18597480948457476
501346,0.09385330972431731
500599,0.2013323468111503
501599,0.3191683109100977
501669,0.17184669104866693
501889,0.10230414259684922
501284,0.10921927897441028
500747,0.09739016813445775
500782,0.10921737659891538
501196,0.22242224997759308
501811,0.11948685935430234
500374,0.09868972129338799
501074,0.13479037754270856
502348,0.18041215414301956
501606,0.15088643700662868
501773,0.19453576716747364
500100,0.13712787249833175
501179,0.1941411688582471
501717,0.4930080432032409
502070,0.7675763587012759
500948,0.5506400195417656
501568,0.14100251903425842
501173,0.20840636572387122
501410,0.22058084600101763
501734,0.11243450384264422
500550,0.07773251714204372
502142,0.1310237867796799
502089,0.47290598663383165
501076,0.4909979664308948
500285,0.35772550778038686
500402,0.6247246371291227
501762,0.22721553054206187
501586,0.16248420027322802
501802,0.1019865053342632
502252,0.10108148490124166
500193,0.10231110685076028
501476,0.11051945109822264
501899,0.1564021309610134
502014,0.11817741252683923
500734,0.2571991598025282
500977,0.11757787403175421
501126,0.19577955591845028
501716,0.19577955591845028
500563,0.22043145887797813
500230,0.1093169991181396
500447,0.16183862704093258
500497,0.17079480656721902
500700,0.11093358398499675
500904,0.12494841799119903
502305,0.10879094649549478
502158,0.13099585125630883
502314,0.27994096065904245
500226,0.20369120531280635
501657,0.15055482492831945
501730,0.15000044786580605
500992,0.09134007555001374
502052,0.12602226872607877
502166,0.1070382927239391
501918,0.10692123869660715
500968,0.40163434888697114
501213,0.3399150135844314
500321,0.3505386887111532
501825,0.2182045419644553
501870,0.6863737207392567
501703,0.13552620633693754
500443,0.08437237682006173
500405,0.1697629042033203
501041,0.1913008523481751
500967,0.12480589626014822
501929,0.17864631472014475
501439,0.06327868450862342
500986,0.11341331400702796
502077,0.15568021967633763
501262,0.14555328596063408
501852,0.2933596324848319
500299,0.3117378716125757
501413,0.20500234441919898
501176,0.2513460354340969
501638,0.11304172709834742
500211,0.18765378141836594
500943,0.2698355311070005
500736,0.1223199886995806
500709,0.19039741197285245
500732,0.30623588988985595
500523,0.22592125240379096
500043,0.2267255265707801
501682,0.07459853838348451
500562,0.17595528541052755
501490,0.1948299001373266
501004,0.16043251504960435
500385,0.07244016867241888
501922,0.1574985412887256
500184,0.16647485811254095
500895,0.14013480106505444
502047,0.14499614285087273
502146,0.2397782654896381
502054,0.18698986036892234
501141,0.16378170095825112
500123,0.17279632598472927
502245,0.19920231571692276
500697,0.1321441533803336
501562,0.2910205732036063
502363,0.23174864445852342
500469,0.09937204303352092
501438,0.115067822887054
500275,0.10961200283996371
500670,0.12360829548326913
500984,0.31323321427002926
502356,0.24405825908617207
501229,0.16543084675533423
500962,0.17354337751797067
500958,0.16145741376793407
501894,0.15205439764315867
501954,0.16848201148967737
501877,0.07542907217065874
501023,0.08378982768153892
500156,0.16264412485922572
500345,0.2883000312367082
502038,0.19981334358842787
501816,0.15429819764676195
500177,0.08082610917595417
502010,0.20682484088140743
500685,0.14147456216610976
501091,0.07906874533224996
501501,0.19745871451804872
501837,0.14146041162889525
501274,0.09072377379105041
500899,0.07941141235099532
501486,0.10431750975328143
501767,0.17163283069713797
500502,0.08727840100365576
501806,0.09780074181815508
502019,0.12758791217913681
500942,0.15768020602706503
501754,0.2860626543812702
500861,0.15907464852193462
502219,0.1871344590870537
502352,0.2889231832511973
501001,0.22354605961658913
501034,0.11203909699523305
500297,0.1053683901501835
501120,0.09120268422540036
501649,0.11650720511511
500906,0.3964254813281544
500277,0.3999060738334538
501901,0.12436989428716279
500548,0.07762238491219396
501500,0.09203033301676317
500353,0.06917231336817546
500792,0.09763787087208378
500292,0.16701068057317514
501920,0.16701068057317514
500701,0.16701068057317514
500652,0.16701068057317514
500372,0.16701068057317514
500026,0.1664856093839333
501261,0.16648679782801543
500227,0.2670653958450408
502068,0.2670653958450408
502164,0.17761176871838052
501405,0.24787540079909073
501814,0.292594561297561
502278,0.292594561297561
502020,0.20892812660226923
501731,0.14177307823671495
500279,0.31114077951152513
500870,0.31114077951152513
500693,0.31114077951152513
500507,0.28027516014990356
500477,0.17349738592898536
500710,0.16720142676354963
501479,0.11350570874330089
501299,0.2742538068743183
501916,0.21757911536192123
500319,0.12911210566597028
500006,0.10366406660933994
502071,0.08641912451924268
501377,0.11815912176795113
501975,0.16827712252023644
500165,0.1779841205433316
501771,0.11452704704689136
500420,0.19426074708409208
500160,0.16449956378217032
501460,0.06127868812610112
501286,0.08526841773716401
501472,0.17953781167456745
502130,0.08121795757460579
500932,0.11908592705175841
501793,0.35700593815455944
501996,0.181394229906971
501939,0.12490170813400688
501798,0.10531854040922535
501440,0.1050084598927636
500842,0.14610827066038914
500603,0.29277540655789425
501715,0.08935136527957131
501520,0.13047139174098324
502093,0.15774221038768554
501194,0.10997340060529431
500033,0.10330925560347078
500565,0.09908361270102553
500995,0.11191892767617187
501876,0.20501999887437825
500680,0.11734870380075701
501311,0.15081925768124635
500172,0.08790985919742489
502185,0.10326566761266674
501016,0.10117466975450318
500613,0.11627741636731492
501938,0.1258044746622372
501619,0.12949270332562446
500834,0.19199192593182826
500333,0.13284040846577713
501050,0.2484690244490023
501181,0.09043165640247249
501548,0.16689470671524112
500096,0.1979209798108164
500155,0.16202883338655666
501677,0.13993154849182704
500765,0.11408826632477097
502329,0.15331285715085263
502154,0.24395332400801398
501553,0.12215460818051518
500916,0.0805018686669835
501671,0.13015852573178346
501133,0.20362081324533224
500527,0.2694738188443468
500475,0.22511975665826575
501390,0.3045112472899623
501205,0.22989368940121055
500518,0.7214482071669113
500293,0.15565493097097077
501259,0.1048208383692003
500098,0.17232440282246267
501006,0.07790250003529145
501582,0.10575157160246547
501303,0.20366092147327747
500622,0.1915545700407797
501300,0.16805527681954371
500926,0.10579839839308994
501855,0.23760299577103794
501842,0.457449057820746
501886,0.36479598344761505
501070,0.4481669132785567
500714,0.13759534041786203
500065,0.17433081595805514
501561,0.25482712418207165
502094,0.18764792310404813
501143,0.1829313675623663
500973,0.10937436959944395
500847,0.18556771090256766
500869,0.2727846257704495
501871,0.2909051657641313
501374,0.206191451378167
501007,0.09124072532311799
501752,0.08760342039649384
501624,0.09423362838988686
501643,0.10977484247753008
502061,0.35642080830788614
502262,0.33454464257792144
